<strings>

    <string id="AppName">Divided|Time</string>

    <string id="ForegroundColorLeftTitle">Left foreground (+ like Fenix5)</string>
    <string id="BackgroundColorLeftTitle">Left background</string>
    <string id="TimeStyleLeftTitle">Style Hours</string>   
    <string id="ForegroundColorRightTitle">Right foreground</string>
    <string id="BackgroundColorRightTitle">Right background</string>
    <string id="TimeStyleRightTitle">Style Minutes/seconds</string>
    	<string id="AlignHourMinutesToCentreTitle">Align Time always to centre</string>
    <string id="ShowBatteryStateAt">Show Battery at and lower than</string>
    <string id="UpperData">Right upper data</string>
    <string id="UpperLeftData">Left upper data</string>    
    <string id="DateStyleTitle">Show Date at bottom</string>

    <string id="NoData">None</string>
    <string id="ActiveMinutesT">Active minutes Total +</string>
    <string id="ActiveMinutesV">Active minutes Vigorous +</string>    
    <string id="Calories">Calories (kCal)</string>
    <string id="FloorsClimbed">Floors climbed +</string>    
    <string id="Notifications">Notifications count</string>
    <string id="Steps">Steps count</string>
    <string id="StepGoal">Step Goal achieved (%)</string>
    <string id="StepGoalBar">Step Goal achieved bar (%)</string>     
    <string id="StepGoalHistoryBarFive">Step Goal history bar (5 days)</string>    
    <string id="StepGoalHistoryBarSeven">Step Goal history bar (7 days)</string>
    <string id="StepGoalHistoryGraphSeven">Step Goal history graph (7 days)</string>         
    <string id="MovementBar">Movement bar</string> 
    <string id="MovementStepGoalBar">Movement and Step Goal bar</string>   
    <string id="MovePriority">Movement Priority</string>           
    <string id="Label">Text Label (default)</string>
    <string id="BatteryState">Battery state (%)</string>
    <string id="ConnectionState">Connection state</string>
    <string id="AlarmCount">Alarms count</string>
    <string id="DayOfWeek">Day of Week</string>
    
    <string id="NoDate">None</string>
    <string id="WDD">Day of Week | DD</string>    
    <string id="WDDMM">Day of Week | DD.MM</string>  
    <string id="WMMDD">Day of Week | MM.DD</string>      
    <string id="MDD">Month | DD</string>
    <string id="DM">(D)D | Month</string> 
    <string id="DDMM">DD | MM</string>   
    <string id="MMDD">MM | DD</string>         
    <string id="DDMMYYYY">DD.MM | YYYY</string>
    <string id="YYYYMMDD">YYYY | MM.DD</string>
    <string id="MMDDYYYY">MM.DD | YYYY</string>  

	<string id="NormalH">Normal H</string>
	<string id="ThickerH">Thicker H</string>	
	<string id="NormalZeroLeadingH">Normal HH</string>
	<string id="ThickerZeroLeadingH">Thicker HH</string>
			
    <string id="NormalMin">Normal mm</string>
    <string id="SmallerMin">Smaller mm</string>
    <string id="TinyMin" >Tiny mm</string>
    <string id="TinyMinSec" >Tiny mmss + (visible after 1 min)</string>
  
    <string id="Always">100%</string>
    <string id="Half">50%</string>
    <string id="Third">33%</string>
    <string id="Quarter">25%</string>
    <string id="Tenth">10%</string>
    <string id="Five">5%</string>
    <string id="Zero">0%</string>     
    
    <string id="ColorWhite">White</string>
    <string id="ColorLightGray">Light Gray</string>
    <string id="ColorDarkGray">Dark Gray</string>
    <string id="ColorBlack">Black</string>
    <string id="ColorHighBlue">Sky Blue +</string>    
    <string id="ColorCyanBlue">Cyan Blue +</string>
    <string id="ColorBlue">Blue</string>    
    <string id="ColorDarkBlue">Dark Blue</string>
    <string id="ColorLimeGreen">Lime Green +</string>
    <string id="ColorGreen">Green</string>
    <string id="ColorDarkGreen">Dark Green</string>
    <string id="ColorSunYellow">Sun Yellow +</string>
    <string id="ColorHighYellow">High Yellow +</string>    
    <string id="ColorYellow">Yellow (Gold)</string>
    <string id="ColorOrange">Orange</string>
    <string id="ColorSoftRed">Soft Red +</string>    
    <string id="ColorRed">Red</string>
    <string id="ColorDarkRed">Dark Red</string>
    <string id="ColorSalmon">Salmon +</string>   
    <string id="ColorFuchsia">Fuchsia +</string>      
    <string id="ColorPink">Pink</string>   
    <string id="ColorLightPurple">Light Purple +</string>       
    <string id="ColorPurple">Purple</string>
    <string id="ColorDarkPurple">Dark Purple +</string>

</strings>
