<!-- This is a generated file. It is highly recommended that you DO NOT edit this file. --><iq:manifest xmlns:iq="http://www.garmin.com/xml/connectiq" version="0">
    <iq:application entry="DividedTimeApp" id="48c988b0c14c40cb94c52cb3bf128914" launcherIcon="@Drawables.LauncherIcon" minSdkVersion="1.3.0" name="@Strings.AppName" type="watchface">
        <iq:products>
            <iq:product id="fr230"/>
            <iq:product id="fenix3"/>
            <iq:product id="fenix5x"/>
            <iq:product id="fr630"/>
            <iq:product id="fenix5"/>
            <iq:product id="fenix5s"/>
            <iq:product id="fenixchronos"/>
            <iq:product id="fr235"/>
            <iq:product id="fr735xt"/>
            <iq:product id="fenix3_hr"/>
            <iq:product id="fr935"/>
        </iq:products>
        <iq:permissions/>
        <iq:languages/>
    </iq:application>
</iq:manifest>
