<properties>

  <property id="ForegroundColorLeft" type="number">0xFFFFFF</property>
  <property id="BackgroundColorLeft" type="number">0x000000</property>
  <property id="TimeStyleLeft" type="number">1</property>  
  <property id="ForegroundColorRight" type="number">0xAAAAAA</property>
  <property id="BackgroundColorRight" type="number">0x000000</property>
  <property id="TimeStyleRight" type="number">1</property>    
  <property id="AlignHourMinutesToCentre" type="boolean">true</property>  
  <property id="ShowBatteryStateAt" type="number">25</property>
  <property id="TopData" type="number">2</property>
  <property id="TopLeftData" type="number">0</property>  
  <property id="BottomData" type="number">1</property>
  <property id="TopDataTextSize" type="number">3</property>
  <property id="BottomDataTextSize" type="number">3</property> 
  <property id="DateSeparatChar" type="number">2</property>   

</properties>
