<strings>

    <string id="AppName">Divided|Time</string>

    <string id="ForegroundColorLeftTitle">Left foreground (+ like Fenix5)</string>
    <string id="BackgroundColorLeftTitle">Left background</string>
    <string id="TimeStyleLeftTitle">Style Hours</string>   
    <string id="ForegroundColorRightTitle">Right foreground</string>
    <string id="BackgroundColorRightTitle">Right background</string>
    <string id="TimeStyleRightTitle">Style Minutes/seconds</string>
    	<string id="AlignHourMinutesToCentreTitle">Align Time always to centre</string>
    <string id="ShowBatteryStateAt">Show Battery lower than at top</string>
    <string id="TopData">Show data at top</string>
    <string id="TopLeftData">Optional left data at top</string>    
    <string id="BottomDataTitle">Show data at bottom</string>

    <string id="NoData">None</string>
    <string id="ActiveMinutesT">Active minutes Total +</string>
    <string id="ActiveMinutesV">Active minutes Vigorous +</string>    
    <string id="Calories">Calories (kCal)</string>
    <string id="FloorsClimbed">Floors climbed +</string>    
    <string id="Notifications">Notifications count</string>
    <string id="Steps">Steps count</string>
    <string id="StepGoal">Stepgoal achieved (%)</string>
    <string id="StepGoalBar">Stepgoal achieved Bar (%)</string>     
    <string id="StepGoalHistoryBarFive">Stepgoal historyBar 5days</string>    
    <string id="StepGoalHistoryBarSeven">Stepgoal historyBar 7days</string>
    <string id="StepGoalHistoryGraphFive">Stepgoal historyGraph 5days</string>     
    <string id="StepGoalHistoryGraphSeven">Stepgoal historyGraph 7days</string>  
    <string id="StepGoalMovementPrio">Stepgoal (%)/Movement (1-5)</string>       
    <string id="MovementBar">Movement Bar</string> 
    <string id="MovementStepGoalBar">Movement and Stepgoal Bar</string>   
    <string id="MovePriority">Movement Priority (1-5)</string>           
    <string id="Label">Text Label (default)</string>
    <string id="BatteryState">Battery state (%)</string>
    <string id="ConnectionState">Connection state</string>
    <string id="AlarmCount">Alarms count</string>
    <string id="DayOfWeek">Day of Week</string>
    
    <string id="NoDate">None</string>
    <string id="WDD">Day of Week | DD</string>    
    <string id="WDDMM">Day of Week | DD.MM</string>  
    <string id="WMMDD">Day of Week | MM.DD</string>      
    <string id="MDD">Month | DD</string>
    <string id="DM">(D)D | Month</string> 
    <string id="DDMM">DD | MM</string>   
    <string id="MMDD">MM | DD</string>         
    <string id="DDMMYYYY">DD.MM | YYYY</string>
    <string id="YYYYMMDD">YYYY | MM.DD</string>
    <string id="MMDDYYYY">MM.DD | YYYY</string>  
    <string id="BSDDMM">Battery state | DD.MM</string>
    <string id="BSMMDD">Battery state | MM.DD</string>
    <string id="BSC">Battery state | Connection</string>    

	<string id="NormalH">Normal h</string>
	<string id="ThickerH">Thicker h</string>	
	<string id="SmallerH">Smaller h</string>		
	<string id="NormalZeroLeadingH">Normal hh</string>
	<string id="ThickerZeroLeadingH">Thicker hh</string>
	<string id="SmallerZeroLeadingH">Smaller hh</string>
			
    <string id="NormalMin">Normal mm</string>
    <string id="SmallerMin">Smaller mm</string>
    <string id="TinyMin" >Tiny mm</string>
    <string id="TinyMinSec" >Tiny mmss + (visible after 1 min)</string>
  
    <string id="Always">100%</string>
    <string id="Half">50%</string>
    <string id="Third">33%</string>
    <string id="Quarter">25%</string>
    <string id="Tenth">10%</string>
    <string id="Five">5%</string>
    <string id="Zero">0%</string>     
    
    <string id="ColorWhite">White</string>
    <string id="ColorLightGray">Light Gray</string>
    <string id="ColorDarkGray">Dark Gray</string>
    <string id="ColorBlack">Black</string>
    <string id="ColorHighBlue">Sky Blue +</string>    
    <string id="ColorCyanBlue">Cyan Blue +</string>
    <string id="ColorBlue">Blue</string>    
    <string id="ColorDarkBlue">Dark Blue</string>
    <string id="ColorLimeGreen">Lime Green +</string>
    <string id="ColorGreen">Green</string>
    <string id="ColorDarkGreen">Dark Green</string>
    <string id="ColorSunYellow">Sun Yellow +</string>
    <string id="ColorHighYellow">High Yellow +</string>    
    <string id="ColorYellow">Yellow (Gold)</string>
    <string id="ColorOrange">Orange</string>
    <string id="ColorSoftRed">Soft Red +</string>    
    <string id="ColorRed">Red</string>
    <string id="ColorDarkRed">Dark Red</string>
    <string id="ColorSalmon">Salmon +</string>   
    <string id="ColorFuchsia">Fuchsia +</string>      
    <string id="ColorPink">Pink</string>   
    <string id="ColorLightPurple">Light Purple +</string>       
    <string id="ColorPurple">Purple</string>
    <string id="ColorDarkPurple">Dark Purple +</string>

</strings>
