<properties>
     
    <property id="ForegroundColorLeft" type="number">0x00AAFF</property>
    <property id="BackgroundColorLeft" type="number">0x000000</property>    
    <property id="ForegroundColorRight" type="number">0xFFFFFF</property>
   	<property id="BackgroundColorRight" type="number">0x000000</property>    
	<property id="ShowBatteryStateAt" type="number">25</property>   
	<property id="ShowAlternativeData" type="number">0</property>
	<property id="ShowDateOnDisplay" type="boolean">true</property> 
	<property id="DisplayDayOfWeek" type="boolean">true</property>

</properties>
