<strings>

    <string id="AppName">DividedTime</string>

    <string id="ForegroundColorLeftTitle">Hours Foreground (+ for Fenix5)</string>
    <string id="BackgroundColorLeftTitle">Hours Background</string>
    <string id="TimeStyleLeftTitle">Hours Time style</string>   
    <string id="ForegroundColorRightTitle">Minutes Foreground</string>
    <string id="BackgroundColorRightTitle">Minutes Background</string>
    <string id="TimeStyleRightTitle">Minutes Time style</string>
    	<string id="BalanceHourMinutesTitle">Balance 11 hour, 10-19 minutes</string>
    <string id="ShowBatteryStateAt">Show battery always at and lower than</string>
    <string id="ShowAlternativeData">Show alternative data</string>
    <string id="ShowLeftAlternativeData">Left part alternative data</string>    
    <string id="DateStyleTitle">Show date</string>

    <string id="NoData">None</string>
    <string id="ActiveMinutesT">Active minutes Total +</string>
    <string id="ActiveMinutesV">Active minutes Vigorous +</string>    
    <string id="Calories">Calories (kCal)</string>
    <string id="FloorsClimbed">Floors Climbed +</string>    
    <string id="Notifications">Notifications Count</string>
    <string id="Steps">Steps</string>
    <string id="StepGoal">Step Goal achieved (%)</string>
    <string id="Label">Label</string>
    <string id="BatteryState">Battery State (%)</string>
    <string id="ConnectionState">Connection State</string>
    <string id="AlarmCount">Alarm Count</string>
    <string id="DayOfWeek">Day of Week</string>
    
    <string id="NoDate">None</string>
    <string id="WDD">Day of Week | DD</string>    
    <string id="WDDMM">Day of Week | DDMM</string>  
    <string id="WMMDD">Day of Week | MMDD</string>      
    <string id="MDD">Month | DD</string>
    <string id="DM">(D)D | Month</string> 
    <string id="DDMM">DD | MM</string>   
    <string id="MMDD">MM | DD</string>         
    <string id="DDMMYYYY">DDMM | YYYY</string>
    <string id="YYYYMMDD">YYYY | MMDD</string>
    <string id="MMDDYYYY">MMDD | YYYY</string>   

	<string id="NormalH">Normal H</string>
	<string id="ThickerH">Thicker H</string>	
	<string id="NormalZeroLeadingH">Normal HH</string>
	<string id="ThickerZeroLeadingH">Thicker HH</string>
			
    <string id="NormalMin">Normal mm</string>
    <string id="SmallerMin">Smaller mm</string>
    <string id="TinyMin" >Tiny mm</string>
    <string id="TinyMinSec" >Tiny mmss +</string>
  
    <string id="Always">100%</string>
    <string id="Half">50%</string>
    <string id="Third">33%</string>
    <string id="Quarter">25%</string>
    <string id="Tenth">10%</string>
    <string id="Five">5%</string>
    <string id="Zero">0%</string>     
    
    <string id="ColorWhite">White</string>
    <string id="ColorLightGray">Light Gray</string>
    <string id="ColorDarkGray">Dark Gray</string>
    <string id="ColorBlack">Black</string>
    <string id="ColorHighBlue">Sky Blue +</string>    
    <string id="ColorCyanBlue">Cyan Blue +</string>
    <string id="ColorBlue">Blue</string>    
    <string id="ColorDarkBlue">Dark Blue</string>
    <string id="ColorLimeGreen">Lime Green +</string>
    <string id="ColorGreen">Green</string>
    <string id="ColorDarkGreen">Dark Green</string>
    <string id="ColorSunYellow">Sun Yellow +</string>
    <string id="ColorHighYellow">High Yellow +</string>    
    <string id="ColorYellow">Yellow (Gold)</string>
    <string id="ColorOrange">Orange</string>
    <string id="ColorSoftRed">Soft Red +</string>    
    <string id="ColorRed">Red</string>
    <string id="ColorDarkRed">Dark Red</string>
    <string id="ColorSalmon">Salmon +</string>   
    <string id="ColorFuchsia">Fuchsia +</string>      
    <string id="ColorPink">Pink</string>   
    <string id="ColorLightPurple">Light Purple +</string>       
    <string id="ColorPurple">Purple</string>
    <string id="ColorDarkPurple">Dark Purple +</string>

</strings>
