<strings>

    <string id="AppName">DividedTime</string>

    <string id="ForegroundColorLeftTitle">Foreground color left (hours)</string>
    <string id="BackgroundColorLeftTitle">Background color left (hours)</string>
    <string id="ForegroundColorRightTitle">Foreground color right (minutes)</string>
    <string id="BackgroundColorRightTitle">Background color right (minutes)</string>
    <string id="ShowBatteryStateAt">Show battery state at and lower than</string>
    <string id="ShowAlternativeData">Show alternative today's data (when battery state is not displayed)</string>
    <string id="MinutesTextSizeTitle">Size text minutes</string>
    <string id="ShowThickerHoursTitle">Thicker text hours</string>
    <string id="ShowZeroLeadingTitle">Show zero-leading hours</string> 
	<string id="BalanceHourMinutesTitle">Balance 11h and 10 to 19m</string>
    <string id="ShowDateOnDisplayTitle">Show date</string>
    <string id="DisplayDayOfWeekTitle">Day of the week</string>

    <string id="Always">100%</string>
    <string id="Half">50%</string>
    <string id="Third">33%</string>
    <string id="Quarter">25%</string>
    <string id="Tenth">10%</string>
    <string id="Five">5%</string>

    <string id="None">None</string>
    <string id="ActiveMinutes">Active minutes (min)</string> 
    <string id="Calories">Calories (kCal)</string>         
    <string id="Notifications">Notifications count</string>
    <string id="Steps">Steps</string>  
    <string id="StepGoal">Step goal realized (%)</string>
    
    <string id="Normal">Normal</string>    
    <string id="Smaller">Smaller</string>
    <string id="Tiny" >Tiny</string>

    <string id="ColorWhite">White</string>
    <string id="ColorLightGray">Light Gray</string>
    <string id="ColorDarkGray">Dark Gray</string>
    <string id="ColorBlack">Black</string>
    <string id="ColorBlue">Blue</string>
    <string id="ColorHighBlue">Sky Blue</string>    
    <string id="ColorCyanBlue">Cyan Blue</string>
    <string id="ColorDarkBlue">Dark Blue</string>
    <string id="ColorLimeGreen">Lime Green</string>    
    <string id="ColorGreen">Green</string>
    <string id="ColorDarkGreen">Dark Green</string>
    <string id="ColorYellow">Yellow</string>
    <string id="ColorHighYellow">High Yellow</string>   
    <string id="ColorOrange">Orange</string>
    <string id="ColorRed">Red</string>
    <string id="ColorDarkRed">Dark Red</string>
    <string id="ColorPink">Pink</string>
    <string id="ColorPurple">Purple</string>
    <string id="ColorDarkPurple">Dark Purple</string>

</strings>
