<strings>

    <string id="AppName">DividedTime</string>
	<string id="AppVersionTitle">version</string>

    <string id="ForegroundColorLeftTitle">Foreground color left (hours)</string>
    <string id="BackgroundColorLeftTitle">Background color left (hours)</string>     
    <string id="ForegroundColorRightTitle">Foreground color right (minutes)</string> 
    <string id="BackgroundColorRightTitle">Background color right (minutes)</string>   
    <string id="ShowBatteryStateAt">Show battery state at and lower than</string>
    <string id="ShowDateOnDisplayTitle">Show date</string>
    <string id="DisplayDayOfWeekTitle">Day of the week</string>

    <string id="Always">100%</string>
    <string id="Half">50%</string>
    <string id="Quarter">25%</string>
    <string id="Tenth">10%</string> 

    <string id="ColorBlack">Black</string>
    <string id="ColorDarkGray">Dark Gray</string>
    <string id="ColorLightGray">Light Gray</string>   
    <string id="ColorWhite">White</string>
    <string id="ColorBlue">Blue</string>
    <string id="ColorDarkBlue">Dark Blue</string>    
    <string id="ColorRed">Red</string>
    <string id="ColorDarkRed">Dark Red</string>    
    <string id="ColorOrange">Orange</string>
    <string id="ColorYellow">Yellow</string>
    <string id="ColorPurple">Purple</string>
    <string id="ColorPink">Pink</string>
    <string id="ColorGreen">Green</string>    
    <string id="ColorDarkGreen">Dark Green</string>       

</strings>
