<properties>

  <property id="ForegroundColorLeft" type="number">0xFFFFFF</property>
  <property id="BackgroundColorLeft" type="number">0x000000</property>
  <property id="ForegroundColorRight" type="number">0xAAAAAA</property>
  <property id="BackgroundColorRight" type="number">0x000000</property>
  <property id="ShowBatteryStateAt" type="number">25</property>
  <property id="ShowAlternativeData" type="number">2</property>
  <property id="MinutesTextSize" type="number">1</property>
  <property id="ShowThickerHours" type="boolean">true</property>
  <property id="ShowZeroLeading" type="boolean">false</property>  
  <property id="BalanceHourMinutes" type="boolean">false</property>
  <property id="ShowDateOnDisplay" type="boolean">true</property>
  <property id="DisplayDayOfWeek" type="boolean">false</property>

</properties>
