<strings>

    <string id="AppName">DividedTime</string>

    <string id="ForegroundColorLeftTitle">Foreground color Left (hours)  Colors marked as + only for F5, FR935, AS60, Charlie</string>
    <string id="BackgroundColorLeftTitle">Background color Left (hours)</string>
    <string id="TimeStyleLeftTitle">Time style Left (hours)</string>   
    <string id="ForegroundColorRightTitle">Foreground color Right (minutes)</string>
    <string id="BackgroundColorRightTitle">Background color Right (minutes)</string>
    <string id="TimeStyleRightTitle">Time style Right (minutes)</string>
    	<string id="BalanceHourMinutesTitle">Balance 11h and 10 to 19m</string>
    <string id="ShowBatteryStateAt">Show battery state at and lower than</string>
    <string id="ShowAlternativeData">Alternative today's data (when battery state is not displayed)</string>
    <string id="ShowLeftAlternativeData">Customize left part of alternative today's data</string>    
    <string id="DateStyleTitle">Date style</string>

    <string id="NoData">Hide</string>
    <string id="ActiveMinutesT">Active min Total</string>
    <string id="ActiveMinutesV">Active min Vigorous</string>    
    <string id="Calories">Calories (kCal)</string>
    <string id="FloorsClimbed">Floors Climbed</string>    
    <string id="Notifications">Notifications Count</string>
    <string id="Steps">Steps</string>
    <string id="StepGoal">Step Goal achieved (%)</string>
    <string id="Label">Label</string>
    <string id="BatteryState">Battery State (%)</string>
    
    <string id="NoDate">Hide</string>
    <string id="WDD">Day of Week | DD</string>    
    <string id="WDDMM">Day of Week | DDMM</string>  
    <string id="WMMDD">Day of Week | MMDD</string>      
    <string id="MDD">Month | DD</string>
    <string id="DM">(D)D | Month</string> 
    <string id="DDMM">DD | MM</string>   
    <string id="MMDD">MM | DD</string>         
    <string id="DDMMYYYY">DDMM | YYYY</string>
    <string id="YYYYMMDD">YYYY | MMDD</string>
    <string id="MMDDYYYY">MMDD | YYYY</string>   

	<string id="NormalH">Normal H</string>
	<string id="ThickerH">Thicker H</string>	
	<string id="NormalZeroLeadingH">Normal HH</string>
	<string id="ThickerZeroLeadingH">Thicker HH</string>
			
    <string id="NormalMin">Normal mm</string>
    <string id="SmallerMin">Smaller mm</string>
    <string id="TinyMin" >Tiny mm</string>
    <string id="TinyMinSec" >Tiny mmss</string>
  
    <string id="Always">100%</string>
    <string id="Half">50%</string>
    <string id="Third">33%</string>
    <string id="Quarter">25%</string>
    <string id="Tenth">10%</string>
    <string id="Five">5%</string>
    <string id="Zero">0%</string>     
    
    <string id="ColorWhite">White</string>
    <string id="ColorLightGray">Light Gray</string>
    <string id="ColorDarkGray">Dark Gray</string>
    <string id="ColorBlack">Black</string>
    <string id="ColorHighBlue">Sky Blue +</string>    
    <string id="ColorCyanBlue">Cyan Blue +</string>
    <string id="ColorBlue">Blue</string>    
    <string id="ColorDarkBlue">Dark Blue</string>
    <string id="ColorLimeGreen">Lime Green +</string>
    <string id="ColorGreen">Green</string>
    <string id="ColorDarkGreen">Dark Green</string>
    <string id="ColorSunYellow">Sun Yellow +</string>
    <string id="ColorHighYellow">High Yellow +</string>    
    <string id="ColorYellow">Yellow (Gold)</string>
    <string id="ColorOrange">Orange</string>
    <string id="ColorSoftRed">Soft Red +</string>    
    <string id="ColorRed">Red</string>
    <string id="ColorDarkRed">Dark Red</string>
    <string id="ColorSalmon">Salmon +</string>   
    <string id="ColorFuchsia">Fuchsia +</string>      
    <string id="ColorPink">Pink</string>   
    <string id="ColorLightPurple">Light Purple +</string>       
    <string id="ColorPurple">Purple</string>
    <string id="ColorDarkPurple">Dark Purple +</string>

</strings>
